
insert into Users (id, email, password, createdAt, updatedAt) values
    ('127c72df-ef8f-4572-a3b1-f7ce8e087dae', 'email1', 'password1', CURRENT_TIMESTAMP, CURRENT_TIMESTAMP),
    ('eb0e3295-95df-424d-bb50-1b761a4f9675', 'email2', 'password2', CURRENT_TIMESTAMP, CURRENT_TIMESTAMP),
    ('6722148a-710a-4422-bb9d-a1d75116ef16', 'email3', 'password3', CURRENT_TIMESTAMP, CURRENT_TIMESTAMP),
    ('144d2b67-7352-4a13-a2cf-62e65470198d', 'email4', 'password4', CURRENT_TIMESTAMP, CURRENT_TIMESTAMP);

insert into Players (id, fname, lname, createdAt, updatedAt, userId) values
    ('3a96e21e-690a-4bb4-8fdd-2bf1245f0df4', 'V', 'S', CURRENT_TIMESTAMP, CURRENT_TIMESTAMP, '127c72df-ef8f-4572-a3b1-f7ce8e087dae'),
    ('f58df9e3-8f51-479e-a861-bc5d9c0c2c47', 'A', 'A', CURRENT_TIMESTAMP, CURRENT_TIMESTAMP, 'eb0e3295-95df-424d-bb50-1b761a4f9675'),
    ('1c677b0f-c48d-422c-b340-cf8e3640ab06', 'V', 'K', CURRENT_TIMESTAMP, CURRENT_TIMESTAMP, '6722148a-710a-4422-bb9d-a1d75116ef16'),
    ('6e42de98-bce1-4576-a2ed-8477ee7c4008', 'A', 'M', CURRENT_TIMESTAMP, CURRENT_TIMESTAMP, '144d2b67-7352-4a13-a2cf-62e65470198d');
    
insert into ScoreTypes (id, type) values
    ('d012de00-c2b1-40a3-9763-8c288a84330c', 'Total');

insert into Games (id, number, date, createdAt, updatedAt, location, summary) values
    ('32f42f6e-12bd-4658-bd68-17693312169a', 1, CURRENT_TIMESTAMP, CURRENT_TIMESTAMP, CURRENT_TIMESTAMP, NULL, NULL),
    ('037ba720-02d4-4079-ab80-613d659731d3', 2, CURRENT_TIMESTAMP, CURRENT_TIMESTAMP, CURRENT_TIMESTAMP, NULL, NULL),
    ('2167027f-94d9-46fc-804f-e7d3736301f4', 3, CURRENT_TIMESTAMP, CURRENT_TIMESTAMP, CURRENT_TIMESTAMP, NULL, NULL),
    ('ba42338b-da9f-4123-a5ba-62cb5d1c79b0', 4, CURRENT_TIMESTAMP, CURRENT_TIMESTAMP, CURRENT_TIMESTAMP, NULL, NULL),
    ('76cb2320-5422-4c6d-bd70-9e68ef9e647c', 5, CURRENT_TIMESTAMP, CURRENT_TIMESTAMP, CURRENT_TIMESTAMP, NULL, NULL),
    ('5534831f-5995-4d85-81e2-2b053989a5e7', 6, CURRENT_TIMESTAMP, CURRENT_TIMESTAMP, CURRENT_TIMESTAMP, NULL, NULL),
    ('b49e3150-082f-4e9b-a11c-be8d91b5bc4b', 7, CURRENT_TIMESTAMP, CURRENT_TIMESTAMP, CURRENT_TIMESTAMP, NULL, NULL),
    ('a69235e4-dd3f-4d5a-a55e-19f627ddf962', 8, CURRENT_TIMESTAMP, CURRENT_TIMESTAMP, CURRENT_TIMESTAMP, NULL, NULL),
    ('c4436320-f274-48f8-abe9-cfc8fda12606', 9, CURRENT_TIMESTAMP, CURRENT_TIMESTAMP, CURRENT_TIMESTAMP, NULL, NULL),
    ('ce8e1141-b6f5-4e7d-bcf7-0582bd355d1a', 10, CURRENT_TIMESTAMP, CURRENT_TIMESTAMP, CURRENT_TIMESTAMP, NULL, NULL),
    ('036fc67a-38f7-4f74-aa63-03c6f41077f2', 11, CURRENT_TIMESTAMP, CURRENT_TIMESTAMP, CURRENT_TIMESTAMP, NULL, NULL),
    ('f7cb4009-1d73-4aea-8bd3-24d058f2a6c1', 12, CURRENT_TIMESTAMP, CURRENT_TIMESTAMP, CURRENT_TIMESTAMP, NULL, NULL),
    ('a265a36b-bf57-4052-8d3a-c6bcc260a013', 13, CURRENT_TIMESTAMP, CURRENT_TIMESTAMP, CURRENT_TIMESTAMP, NULL, NULL);
    
insert into Scores (id, scoreTypeId, score, playerId, betAgainstPlayerId, createdAt, updatedAt) values
    ('cdd9c20e-1eba-4373-80cb-905b3a7333f2', 'd012de00-c2b1-40a3-9763-8c288a84330c', -18, '3a96e21e-690a-4bb4-8fdd-2bf1245f0df4', NULL, CURRENT_TIMESTAMP, CURRENT_TIMESTAMP),
    ('7af47890-311a-4258-8ebe-d133e6187c15', 'd012de00-c2b1-40a3-9763-8c288a84330c', 0, 'f58df9e3-8f51-479e-a861-bc5d9c0c2c47', NULL, CURRENT_TIMESTAMP, CURRENT_TIMESTAMP),
    ('51daf3ec-baae-4ad9-b826-ddada557ed89', 'd012de00-c2b1-40a3-9763-8c288a84330c', -460, '1c677b0f-c48d-422c-b340-cf8e3640ab06', NULL, CURRENT_TIMESTAMP, CURRENT_TIMESTAMP),
    ('083da1c2-7268-484d-a5d5-ed085b780f46', 'd012de00-c2b1-40a3-9763-8c288a84330c', 478, '6e42de98-bce1-4576-a2ed-8477ee7c4008', NULL, CURRENT_TIMESTAMP, CURRENT_TIMESTAMP),

    ('4ef24ed0-dea1-4af1-8e10-4ff880f29a76', 'd012de00-c2b1-40a3-9763-8c288a84330c', 71, '3a96e21e-690a-4bb4-8fdd-2bf1245f0df4', NULL, CURRENT_TIMESTAMP, CURRENT_TIMESTAMP),
    ('87085c0b-92c2-4265-9169-a1814d2ffda0', 'd012de00-c2b1-40a3-9763-8c288a84330c', -29, 'f58df9e3-8f51-479e-a861-bc5d9c0c2c47', NULL, CURRENT_TIMESTAMP, CURRENT_TIMESTAMP),
    ('61fd9fe5-c175-4ab0-8ab5-885fe71ed348', 'd012de00-c2b1-40a3-9763-8c288a84330c', -133, '1c677b0f-c48d-422c-b340-cf8e3640ab06', NULL, CURRENT_TIMESTAMP, CURRENT_TIMESTAMP),
    ('e30647a4-068b-4d8b-9717-ca95f6a2a2d4', 'd012de00-c2b1-40a3-9763-8c288a84330c', 91, '6e42de98-bce1-4576-a2ed-8477ee7c4008', NULL, CURRENT_TIMESTAMP, CURRENT_TIMESTAMP),

    ('6f314b72-3f41-410b-99a5-550bfa8dd232', 'd012de00-c2b1-40a3-9763-8c288a84330c', 262, '3a96e21e-690a-4bb4-8fdd-2bf1245f0df4', NULL, CURRENT_TIMESTAMP, CURRENT_TIMESTAMP),
    ('7514951f-9523-458d-81fa-0954303f87bf', 'd012de00-c2b1-40a3-9763-8c288a84330c', -266, 'f58df9e3-8f51-479e-a861-bc5d9c0c2c47', NULL, CURRENT_TIMESTAMP, CURRENT_TIMESTAMP),
    ('c5d89fa8-758c-42c8-9377-afebd190e370', 'd012de00-c2b1-40a3-9763-8c288a84330c', 226, '1c677b0f-c48d-422c-b340-cf8e3640ab06', NULL, CURRENT_TIMESTAMP, CURRENT_TIMESTAMP),
    ('360efbb4-7803-4dec-9f29-f793cc6b4427', 'd012de00-c2b1-40a3-9763-8c288a84330c', -222, '6e42de98-bce1-4576-a2ed-8477ee7c4008', NULL, CURRENT_TIMESTAMP, CURRENT_TIMESTAMP),

    ('e2f59d03-6712-48f1-a123-ed1762d9678a', 'd012de00-c2b1-40a3-9763-8c288a84330c', -137, '3a96e21e-690a-4bb4-8fdd-2bf1245f0df4', NULL, CURRENT_TIMESTAMP, CURRENT_TIMESTAMP),
    ('211986e1-a687-4931-b3ff-c400905e4a1d', 'd012de00-c2b1-40a3-9763-8c288a84330c', 55, 'f58df9e3-8f51-479e-a861-bc5d9c0c2c47', NULL, CURRENT_TIMESTAMP, CURRENT_TIMESTAMP),
    ('af080334-20d4-4d2d-a191-d4d4bf847cdd', 'd012de00-c2b1-40a3-9763-8c288a84330c', -125, '1c677b0f-c48d-422c-b340-cf8e3640ab06', NULL, CURRENT_TIMESTAMP, CURRENT_TIMESTAMP),
    ('20fe0943-da4d-45d2-857b-1232db994204', 'd012de00-c2b1-40a3-9763-8c288a84330c', 207, '6e42de98-bce1-4576-a2ed-8477ee7c4008', NULL, CURRENT_TIMESTAMP, CURRENT_TIMESTAMP),

    ('d73c03a3-2c57-4369-93ba-44011f71fb5c', 'd012de00-c2b1-40a3-9763-8c288a84330c', -666, '3a96e21e-690a-4bb4-8fdd-2bf1245f0df4', NULL, CURRENT_TIMESTAMP, CURRENT_TIMESTAMP),
    ('be96b711-4bd7-4874-b28d-eae9e9649b98', 'd012de00-c2b1-40a3-9763-8c288a84330c', 518, 'f58df9e3-8f51-479e-a861-bc5d9c0c2c47', NULL, CURRENT_TIMESTAMP, CURRENT_TIMESTAMP),
    ('cf282218-9b4f-479b-9d4e-e1524e16c360', 'd012de00-c2b1-40a3-9763-8c288a84330c', 0, '1c677b0f-c48d-422c-b340-cf8e3640ab06', NULL, CURRENT_TIMESTAMP, CURRENT_TIMESTAMP),
    ('052340bf-22aa-4fde-9950-b83ab3436511', 'd012de00-c2b1-40a3-9763-8c288a84330c', 148, '6e42de98-bce1-4576-a2ed-8477ee7c4008', NULL, CURRENT_TIMESTAMP, CURRENT_TIMESTAMP),

    ('508b20cb-3007-4344-bb40-52a1c4c71fb4', 'd012de00-c2b1-40a3-9763-8c288a84330c', 421, '3a96e21e-690a-4bb4-8fdd-2bf1245f0df4', NULL, CURRENT_TIMESTAMP, CURRENT_TIMESTAMP),
    ('65e2d35f-4d39-4567-96b1-19feb84d0e14', 'd012de00-c2b1-40a3-9763-8c288a84330c', -243, 'f58df9e3-8f51-479e-a861-bc5d9c0c2c47', NULL, CURRENT_TIMESTAMP, CURRENT_TIMESTAMP),
    ('4b7e057f-3ae7-4dc1-9b7b-dddbb06a12a1', 'd012de00-c2b1-40a3-9763-8c288a84330c', -59, '1c677b0f-c48d-422c-b340-cf8e3640ab06', NULL, CURRENT_TIMESTAMP, CURRENT_TIMESTAMP),
    ('59874a29-b245-4646-a72e-f65947230519', 'd012de00-c2b1-40a3-9763-8c288a84330c', -119, '6e42de98-bce1-4576-a2ed-8477ee7c4008', NULL, CURRENT_TIMESTAMP, CURRENT_TIMESTAMP),

    ('fcbde1da-9491-4e49-814e-86bc0e1df464', 'd012de00-c2b1-40a3-9763-8c288a84330c', 170, '3a96e21e-690a-4bb4-8fdd-2bf1245f0df4', NULL, CURRENT_TIMESTAMP, CURRENT_TIMESTAMP), 
    ('12cbbd80-1ad5-4436-8fc7-f9cffe918926', 'd012de00-c2b1-40a3-9763-8c288a84330c', -626, 'f58df9e3-8f51-479e-a861-bc5d9c0c2c47', NULL, CURRENT_TIMESTAMP, CURRENT_TIMESTAMP),
    ('0a2ec171-f588-45f3-b8fc-7bb5ee2858e6', 'd012de00-c2b1-40a3-9763-8c288a84330c', 254, '1c677b0f-c48d-422c-b340-cf8e3640ab06', NULL, CURRENT_TIMESTAMP, CURRENT_TIMESTAMP),
    ('a6666675-920e-486f-94c1-686e1259cc6b', 'd012de00-c2b1-40a3-9763-8c288a84330c', 202, '6e42de98-bce1-4576-a2ed-8477ee7c4008', NULL, CURRENT_TIMESTAMP, CURRENT_TIMESTAMP),

    ('f7113346-abba-4ac7-a650-13d06d40a2f7', 'd012de00-c2b1-40a3-9763-8c288a84330c', 119, '3a96e21e-690a-4bb4-8fdd-2bf1245f0df4', NULL, CURRENT_TIMESTAMP, CURRENT_TIMESTAMP),
    ('52370658-201f-4569-9f9d-8a42837a1b89', 'd012de00-c2b1-40a3-9763-8c288a84330c', -497, 'f58df9e3-8f51-479e-a861-bc5d9c0c2c47', NULL, CURRENT_TIMESTAMP, CURRENT_TIMESTAMP),
    ('10ea853a-7377-4d17-9a48-78de8fcfbb2e', 'd012de00-c2b1-40a3-9763-8c288a84330c', 479, '1c677b0f-c48d-422c-b340-cf8e3640ab06', NULL, CURRENT_TIMESTAMP, CURRENT_TIMESTAMP),
    ('403ca467-3d1d-44ad-86ae-2ea1a6d7ad9a', 'd012de00-c2b1-40a3-9763-8c288a84330c', -101, '6e42de98-bce1-4576-a2ed-8477ee7c4008', NULL, CURRENT_TIMESTAMP, CURRENT_TIMESTAMP),

    ('8c9cd197-51e2-4a80-8645-91f3d9330be6', 'd012de00-c2b1-40a3-9763-8c288a84330c', 405, '3a96e21e-690a-4bb4-8fdd-2bf1245f0df4', NULL, CURRENT_TIMESTAMP, CURRENT_TIMESTAMP),
    ('a576f4a4-6b91-4a0d-837c-ce0d545be5ff', 'd012de00-c2b1-40a3-9763-8c288a84330c', -667, 'f58df9e3-8f51-479e-a861-bc5d9c0c2c47', NULL, CURRENT_TIMESTAMP, CURRENT_TIMESTAMP),
    ('344c1390-b93f-475b-9bcd-a42b71080db0', 'd012de00-c2b1-40a3-9763-8c288a84330c', -105, '1c677b0f-c48d-422c-b340-cf8e3640ab06', NULL, CURRENT_TIMESTAMP, CURRENT_TIMESTAMP),
    ('6236da51-5efa-4ba5-a606-4d92343d9712', 'd012de00-c2b1-40a3-9763-8c288a84330c', 367, '6e42de98-bce1-4576-a2ed-8477ee7c4008', NULL, CURRENT_TIMESTAMP, CURRENT_TIMESTAMP),

    ('d6ec8d90-6905-48ec-a443-106f92dbd3a8', 'd012de00-c2b1-40a3-9763-8c288a84330c', -338, '3a96e21e-690a-4bb4-8fdd-2bf1245f0df4', NULL, CURRENT_TIMESTAMP, CURRENT_TIMESTAMP),
    ('1ef3f6e2-c995-404e-8a4c-d1d3efd02166', 'd012de00-c2b1-40a3-9763-8c288a84330c', 210, 'f58df9e3-8f51-479e-a861-bc5d9c0c2c47', NULL, CURRENT_TIMESTAMP, CURRENT_TIMESTAMP),
    ('4182f19f-91de-45b9-8145-776f975d6fca', 'd012de00-c2b1-40a3-9763-8c288a84330c', -230, '1c677b0f-c48d-422c-b340-cf8e3640ab06', NULL, CURRENT_TIMESTAMP, CURRENT_TIMESTAMP),
    ('8accd8ac-08eb-4086-9412-0f2846598842', 'd012de00-c2b1-40a3-9763-8c288a84330c', 358, '6e42de98-bce1-4576-a2ed-8477ee7c4008', NULL, CURRENT_TIMESTAMP, CURRENT_TIMESTAMP),

    ('f127aeac-0375-466d-9b81-c40c6af92dd1', 'd012de00-c2b1-40a3-9763-8c288a84330c', 322, '3a96e21e-690a-4bb4-8fdd-2bf1245f0df4', NULL, CURRENT_TIMESTAMP, CURRENT_TIMESTAMP),
    ('e823dd9b-53fb-48da-ba4d-3b0d2a7fd1b8', 'd012de00-c2b1-40a3-9763-8c288a84330c', -402, 'f58df9e3-8f51-479e-a861-bc5d9c0c2c47', NULL, CURRENT_TIMESTAMP, CURRENT_TIMESTAMP),
    ('32f529d9-2f1c-4eb9-90f4-33572d32e10c', 'd012de00-c2b1-40a3-9763-8c288a84330c', -778, '1c677b0f-c48d-422c-b340-cf8e3640ab06', NULL, CURRENT_TIMESTAMP, CURRENT_TIMESTAMP),
    ('ba65954b-6153-4ad7-aa37-6fdc42daafdd', 'd012de00-c2b1-40a3-9763-8c288a84330c', 858, '6e42de98-bce1-4576-a2ed-8477ee7c4008', NULL, CURRENT_TIMESTAMP, CURRENT_TIMESTAMP),

    ('7895a4ea-a18f-4c22-9161-35e391017817', 'd012de00-c2b1-40a3-9763-8c288a84330c', -26, '3a96e21e-690a-4bb4-8fdd-2bf1245f0df4', NULL, CURRENT_TIMESTAMP, CURRENT_TIMESTAMP),
    ('79d2bb4a-207a-416d-a748-beee1139822c', 'd012de00-c2b1-40a3-9763-8c288a84330c', -326, 'f58df9e3-8f51-479e-a861-bc5d9c0c2c47', NULL, CURRENT_TIMESTAMP, CURRENT_TIMESTAMP),
    ('7447ff6b-c4f7-46e8-900e-8f67e3893282', 'd012de00-c2b1-40a3-9763-8c288a84330c', 262, '1c677b0f-c48d-422c-b340-cf8e3640ab06', NULL, CURRENT_TIMESTAMP, CURRENT_TIMESTAMP),
    ('721e0eb5-5b0d-47e3-813b-f0b68954545a', 'd012de00-c2b1-40a3-9763-8c288a84330c', 90, '6e42de98-bce1-4576-a2ed-8477ee7c4008', NULL, CURRENT_TIMESTAMP, CURRENT_TIMESTAMP),

    ('3230fabe-1847-40d3-93ff-6fe35ea84260', 'd012de00-c2b1-40a3-9763-8c288a84330c', -198, '3a96e21e-690a-4bb4-8fdd-2bf1245f0df4', NULL, CURRENT_TIMESTAMP, CURRENT_TIMESTAMP),
    ('ae69369f-aef4-40ad-a4a1-3afe9873cfba', 'd012de00-c2b1-40a3-9763-8c288a84330c', -2, 'f58df9e3-8f51-479e-a861-bc5d9c0c2c47', NULL, CURRENT_TIMESTAMP, CURRENT_TIMESTAMP),
    ('45037b51-8891-4418-bb13-0ef9e2eaad47', 'd012de00-c2b1-40a3-9763-8c288a84330c', 206, '1c677b0f-c48d-422c-b340-cf8e3640ab06', NULL, CURRENT_TIMESTAMP, CURRENT_TIMESTAMP),
    ('0bd053e0-1fa3-4948-be7d-a5f94863817e', 'd012de00-c2b1-40a3-9763-8c288a84330c', -6, '6e42de98-bce1-4576-a2ed-8477ee7c4008', NULL, CURRENT_TIMESTAMP, CURRENT_TIMESTAMP);

insert into GameScores (id, scoreId, gameId) values
    ('0e023f04-4f6c-4573-b7e7-6120f8ff8277', 'cdd9c20e-1eba-4373-80cb-905b3a7333f2', '32f42f6e-12bd-4658-bd68-17693312169a'),
    ('098f5a75-b6bb-44f5-a365-082fc00b057d', '7af47890-311a-4258-8ebe-d133e6187c15', '32f42f6e-12bd-4658-bd68-17693312169a'),
    ('1d900ec6-a2d9-4c5e-9e71-812c54dbbc42', '51daf3ec-baae-4ad9-b826-ddada557ed89', '32f42f6e-12bd-4658-bd68-17693312169a'),
    ('e20a5aa5-1d2f-4953-b13c-487064fffb0b', '083da1c2-7268-484d-a5d5-ed085b780f46', '32f42f6e-12bd-4658-bd68-17693312169a'),

    ('dcf379fa-ebbd-418e-ae98-02c7ec20ac97', '4ef24ed0-dea1-4af1-8e10-4ff880f29a76', '037ba720-02d4-4079-ab80-613d659731d3'),
    ('d869b650-1c13-4d17-9ad6-a5096d6a0356', '87085c0b-92c2-4265-9169-a1814d2ffda0', '037ba720-02d4-4079-ab80-613d659731d3'),
    ('c3dfa648-972c-44f2-aaa7-7dfda599777b', '61fd9fe5-c175-4ab0-8ab5-885fe71ed348', '037ba720-02d4-4079-ab80-613d659731d3'),
    ('bee0c331-d04d-4bd1-981a-ce5a561c2ec2', 'e30647a4-068b-4d8b-9717-ca95f6a2a2d4', '037ba720-02d4-4079-ab80-613d659731d3'),

    ('5a52b130-c9de-4b98-819c-9637daeef2b2', '6f314b72-3f41-410b-99a5-550bfa8dd232', '2167027f-94d9-46fc-804f-e7d3736301f4'),
    ('8ef6d626-4109-41db-aeb7-0d581a9f476e', '7514951f-9523-458d-81fa-0954303f87bf', '2167027f-94d9-46fc-804f-e7d3736301f4'),
    ('b6eecdd2-95c3-4046-9668-81de6d7707ef', 'c5d89fa8-758c-42c8-9377-afebd190e370', '2167027f-94d9-46fc-804f-e7d3736301f4'),
    ('076afe70-81ec-448f-a68c-4dc4a6a65640', '360efbb4-7803-4dec-9f29-f793cc6b4427', '2167027f-94d9-46fc-804f-e7d3736301f4'),

    ('a19500b7-790b-4dbf-a479-b60a95be15e7', 'e2f59d03-6712-48f1-a123-ed1762d9678a', 'ba42338b-da9f-4123-a5ba-62cb5d1c79b0'), 
    ('08b89579-c3b0-444a-8ab0-f425b46bd4f8', '211986e1-a687-4931-b3ff-c400905e4a1d', 'ba42338b-da9f-4123-a5ba-62cb5d1c79b0'),
    ('3e01cc95-2976-472e-8159-e439c8fbfc4b', 'af080334-20d4-4d2d-a191-d4d4bf847cdd', 'ba42338b-da9f-4123-a5ba-62cb5d1c79b0'),
    ('d0d28eae-1d25-4b01-b893-d814fefb0321', '20fe0943-da4d-45d2-857b-1232db994204', 'ba42338b-da9f-4123-a5ba-62cb5d1c79b0'),

    ('02a6ddce-4853-4cce-924b-a4f5f042877c', 'd73c03a3-2c57-4369-93ba-44011f71fb5c', '76cb2320-5422-4c6d-bd70-9e68ef9e647c'),
    ('66292ed4-e61c-46a8-b8fd-b23709e79fc8', 'be96b711-4bd7-4874-b28d-eae9e9649b98', '76cb2320-5422-4c6d-bd70-9e68ef9e647c'),
    ('4d0abc97-2bd6-4799-b285-74e81f8f2d70', 'cf282218-9b4f-479b-9d4e-e1524e16c360', '76cb2320-5422-4c6d-bd70-9e68ef9e647c'),
    ('99c588f3-f01f-48ef-8f41-4afc9cbe3b07', '052340bf-22aa-4fde-9950-b83ab3436511', '76cb2320-5422-4c6d-bd70-9e68ef9e647c'),

    ('2133b183-7bd8-441b-9629-59cab674c120', '508b20cb-3007-4344-bb40-52a1c4c71fb4', '5534831f-5995-4d85-81e2-2b053989a5e7'),
    ('5cbaaf04-29e3-4839-b3e8-fc2ca33a0e8c', '65e2d35f-4d39-4567-96b1-19feb84d0e14', '5534831f-5995-4d85-81e2-2b053989a5e7'),
    ('491b5076-03bd-4373-b54b-c52e0a96c9ce', '4b7e057f-3ae7-4dc1-9b7b-dddbb06a12a1', '5534831f-5995-4d85-81e2-2b053989a5e7'),
    ('9eb4955d-7990-4101-aa6c-2534e40fd91e', '59874a29-b245-4646-a72e-f65947230519', '5534831f-5995-4d85-81e2-2b053989a5e7'),
    
    ('628fd0ed-f734-49d8-9727-1f58885bbe5e', 'fcbde1da-9491-4e49-814e-86bc0e1df464', 'b49e3150-082f-4e9b-a11c-be8d91b5bc4b'),
    ('7bbcfa40-e24f-4b4d-ad61-52621c4d02da', '12cbbd80-1ad5-4436-8fc7-f9cffe918926', 'b49e3150-082f-4e9b-a11c-be8d91b5bc4b'),
    ('6004bc12-6aab-4877-b4d4-6ba4acd9168d', '0a2ec171-f588-45f3-b8fc-7bb5ee2858e6', 'b49e3150-082f-4e9b-a11c-be8d91b5bc4b'),
    ('924d1841-78ba-4c10-b794-f6c62c5a73c7', 'a6666675-920e-486f-94c1-686e1259cc6b', 'b49e3150-082f-4e9b-a11c-be8d91b5bc4b'),

    ('a726c16c-cdea-4290-9320-5c098939cc6e', 'f7113346-abba-4ac7-a650-13d06d40a2f7', 'a69235e4-dd3f-4d5a-a55e-19f627ddf962'),
    ('8a4699dd-15dc-4c23-93cb-3edf6eef2642', '52370658-201f-4569-9f9d-8a42837a1b89', 'a69235e4-dd3f-4d5a-a55e-19f627ddf962'),
    ('0966fa51-5ece-4431-930b-4d77f7223669', '10ea853a-7377-4d17-9a48-78de8fcfbb2e', 'a69235e4-dd3f-4d5a-a55e-19f627ddf962'),
    ('3ea81cb5-9509-4894-8fb3-a94c8c6d6645', '403ca467-3d1d-44ad-86ae-2ea1a6d7ad9a', 'a69235e4-dd3f-4d5a-a55e-19f627ddf962'),

    ('681a8a2f-233f-413b-8c6e-cdbde6fc5313', '8c9cd197-51e2-4a80-8645-91f3d9330be6', 'c4436320-f274-48f8-abe9-cfc8fda12606'),
    ('fd08510a-ebf2-4d8e-85a1-226cf3ed1e0d', 'a576f4a4-6b91-4a0d-837c-ce0d545be5ff', 'c4436320-f274-48f8-abe9-cfc8fda12606'),
    ('4d03b36e-d6f0-4428-adda-eb22b8ea52af', '344c1390-b93f-475b-9bcd-a42b71080db0', 'c4436320-f274-48f8-abe9-cfc8fda12606'),
    ('975ca093-3b0f-4d05-8404-e9ee27179ecf', '6236da51-5efa-4ba5-a606-4d92343d9712', 'c4436320-f274-48f8-abe9-cfc8fda12606'),

    ('b9ecbd9f-fb7f-4fa7-bcc8-c611b3aa2f09', 'd6ec8d90-6905-48ec-a443-106f92dbd3a8', 'ce8e1141-b6f5-4e7d-bcf7-0582bd355d1a'),
    ('0a4c4e6b-dffd-4e5c-9276-afc2e0a8d4e4', '1ef3f6e2-c995-404e-8a4c-d1d3efd02166', 'ce8e1141-b6f5-4e7d-bcf7-0582bd355d1a'),
    ('32d4620c-b66e-465f-a63e-fb3e87983ae0', '4182f19f-91de-45b9-8145-776f975d6fca', 'ce8e1141-b6f5-4e7d-bcf7-0582bd355d1a'),
    ('8ff089f5-42d3-4a58-81e2-5f7358b9b502', '8accd8ac-08eb-4086-9412-0f2846598842', 'ce8e1141-b6f5-4e7d-bcf7-0582bd355d1a'),
    
    ('d0a5c2dd-7a36-42fe-8cdc-4ff215037270', 'f127aeac-0375-466d-9b81-c40c6af92dd1', '036fc67a-38f7-4f74-aa63-03c6f41077f2'),
    ('aaa3ad32-72d0-445f-8826-295080041949', 'e823dd9b-53fb-48da-ba4d-3b0d2a7fd1b8', '036fc67a-38f7-4f74-aa63-03c6f41077f2'),
    ('eb2bf39e-b880-43c1-b2f9-3d6a00f6e71c', '32f529d9-2f1c-4eb9-90f4-33572d32e10c', '036fc67a-38f7-4f74-aa63-03c6f41077f2'),
    ('bb64d50d-c8bf-41f5-a09e-11409fa58d5f', 'ba65954b-6153-4ad7-aa37-6fdc42daafdd', '036fc67a-38f7-4f74-aa63-03c6f41077f2'),
    
    ('429a3a8b-a1ba-4f80-9e07-89628106b90e', '7895a4ea-a18f-4c22-9161-35e391017817', 'f7cb4009-1d73-4aea-8bd3-24d058f2a6c1'),
    ('4e959972-e39e-46bf-a168-a4a46ca5fa2f', '79d2bb4a-207a-416d-a748-beee1139822c', 'f7cb4009-1d73-4aea-8bd3-24d058f2a6c1'),
    ('e0c13320-8fad-4d1f-b264-9890dc79f4a1', '7447ff6b-c4f7-46e8-900e-8f67e3893282', 'f7cb4009-1d73-4aea-8bd3-24d058f2a6c1'),
    ('86552edd-de4a-46aa-8e07-997a6d9e2fee', '721e0eb5-5b0d-47e3-813b-f0b68954545a', 'f7cb4009-1d73-4aea-8bd3-24d058f2a6c1'),

    ('c489ae26-2199-4847-9093-9e1f53bac73f', '3230fabe-1847-40d3-93ff-6fe35ea84260', 'a265a36b-bf57-4052-8d3a-c6bcc260a013'),
    ('208204d1-5827-4d69-8e2d-04bc56f48df4', 'ae69369f-aef4-40ad-a4a1-3afe9873cfba', 'a265a36b-bf57-4052-8d3a-c6bcc260a013'),
    ('0c9a8d9a-da9b-40ff-a6b4-9f17a08dac43', '45037b51-8891-4418-bb13-0ef9e2eaad47', 'a265a36b-bf57-4052-8d3a-c6bcc260a013'),
    ('402de0fd-7613-41b7-91a3-82f87674dbf9', '0bd053e0-1fa3-4948-be7d-a5f94863817e', 'a265a36b-bf57-4052-8d3a-c6bcc260a013');
    
insert into Seasons (id, startDate, endDate, createdAt, updatedAt, number) values
    ('6f3a0d34-d039-4979-881a-ed966af8a7ae', '01/01/2019', '12/31/2019', CURRENT_TIMESTAMP, CURRENT_TIMESTAMP, 11);

insert into SeasonGames (id, gameId, seasonId) values
    ('7a57c626-5185-4c37-a505-1b62ee244f3e', '32f42f6e-12bd-4658-bd68-17693312169a', '6f3a0d34-d039-4979-881a-ed966af8a7ae'),
    ('6969c4c5-d4b2-49d8-897d-4a54db7491b7', '037ba720-02d4-4079-ab80-613d659731d3', '6f3a0d34-d039-4979-881a-ed966af8a7ae'),
    ('13b7e6ff-e1e8-450d-9c30-be0439b5aa22', '2167027f-94d9-46fc-804f-e7d3736301f4', '6f3a0d34-d039-4979-881a-ed966af8a7ae'),
    ('ad93369a-f65a-45b2-ac92-f550f61dadd9', 'ba42338b-da9f-4123-a5ba-62cb5d1c79b0', '6f3a0d34-d039-4979-881a-ed966af8a7ae'),
    ('43c2f555-105a-437d-b8fe-0554c5e29cfa', '76cb2320-5422-4c6d-bd70-9e68ef9e647c', '6f3a0d34-d039-4979-881a-ed966af8a7ae'),
    ('ed898287-cf9c-4f23-91d5-65c7f763a930', '5534831f-5995-4d85-81e2-2b053989a5e7', '6f3a0d34-d039-4979-881a-ed966af8a7ae'),
    ('1d4c41bc-3738-42a1-8702-695ed793c35c', 'b49e3150-082f-4e9b-a11c-be8d91b5bc4b', '6f3a0d34-d039-4979-881a-ed966af8a7ae'),
    ('afa802bd-3948-40d0-97a5-dba39dd3345d', 'a69235e4-dd3f-4d5a-a55e-19f627ddf962', '6f3a0d34-d039-4979-881a-ed966af8a7ae'),
    ('c6ec5400-f93a-4053-bce2-7515d3acc3de', 'c4436320-f274-48f8-abe9-cfc8fda12606', '6f3a0d34-d039-4979-881a-ed966af8a7ae'),
    ('92ccd437-79e4-47df-abb6-ff05a63874f1', 'ce8e1141-b6f5-4e7d-bcf7-0582bd355d1a', '6f3a0d34-d039-4979-881a-ed966af8a7ae'),
    ('2661471c-e0d9-4595-b8b8-9b729f1a73dd', '036fc67a-38f7-4f74-aa63-03c6f41077f2', '6f3a0d34-d039-4979-881a-ed966af8a7ae'),
    ('af77523b-31d8-4d60-a1e9-c43bf84f5287', 'f7cb4009-1d73-4aea-8bd3-24d058f2a6c1', '6f3a0d34-d039-4979-881a-ed966af8a7ae'),
    ('42c380b6-eae9-493e-9f3c-285112e7b218', 'a265a36b-bf57-4052-8d3a-c6bcc260a013', '6f3a0d34-d039-4979-881a-ed966af8a7ae');
   
   
